title,ingredients,instructions,load_dte,batch_number,page_number
Batchoy Tagalog,"▢
1 lb. pork loin
▢
½ lb. pork spleen ""pali"" ng baboy
▢
½ lb. pork liver
▢
½ lb. pork blood coagulated
▢
2 ounces misua
▢
3 ounces hot pepper leaves
▢
1 onion sliced into thin pieces
▢
5 cloves garlic crushed and peeled
▢
3 thumbs ginger julienned
▢
4 grams Maggi Magic Sarap
▢
6 cups water
▢
3 tablespoons cooking oil
▢
fish sauce and ground black pepper to taste","Heat 3 tablespoons cooking oil in a cooking pot. Add 5 cloves garlic and sauté until it starts to brown. Next, add 1 onion (sliced) and 3 thumbs ginger (julienned), continuing to sauté until the onion softens.
1 onion, 5 cloves garlic, 3 tablespoons cooking oil, 3 thumbs ginger
Add 1 lb. pork loin, stirring until the outer part turns light brown, which should take around 2 minutes. Pour in 1 tablespoon of fish sauce and stir well.
1 lb. pork loin, fish sauce and ground black pepper to taste
Then, pour in 6 cups water and cover the pot. Allow it to boil, then adjust the heat to a simmer. Continue simmering for 30 minutes or until the pork tenderizes completely.
6 cups water
Next, adjust the heat setting to medium and add ½ lb. pork liver and ½ lb. pork spleen. Stir well, cover the pot, and boil for 5 minutes.
½ lb. pork liver, ½ lb. pork spleen
Reduce the heat to the lowest setting and gently add ½ lb. pork blood, stirring gently. Continue cooking for 10 minutes.
½ lb. pork blood
Now, add 2 ounces misua, stirring and cooking for 1 minute until they soften. Sprinkle in 4 grams Maggi Magic Sarap and season with fish sauce and ground black pepper to taste.
2 ounces misua, 4 grams Maggi Magic Sarap, fish sauce and ground black pepper to taste
Finally, add 3 ounces hot pepper leaves. Cover the pot, then turn off the heat and let it rest for 2 minutes.
3 ounces hot pepper leaves
Transfer to a serving bowl and serve hot with rice. Share and enjoy!",2024-10-14 03:59:08,1,1
Paksiw na Baboy,"▢
2 lbs. pork belly sliced into cubes
▢
1 head garlic crushed
▢
4 tablespoons soy sauce
▢
1 cup water
▢
6 tablespoons white vinegar
▢
¼ cup brown sugar
▢
100 grams banana blossoms
▢
3 pieces dried bay leaves
▢
1 tablespoon whole peppercorn
▢
4 grams Maggi Magic Sarap","Sear the pork until it browns, and enough oil gets extracted.
2 lbs. pork belly
Add the garlic. Sauté for 1 minute.
1 head garlic
Pour soy sauce and water. Let it boil.
4 tablespoons soy sauce, 1 cup water
Add bay leaves and whole peppercorn. Cover the cooking pot. Adjust to a simmer and continue cooking for 30 minutes.
3 pieces dried bay leaves, 1 tablespoon whole peppercorn
Adjust the heat setting between low and medium. Add vinegar. Let it boil. Stir.
6 tablespoons white vinegar
Add the banana blossoms. Adjust the heat to the lowest setting. Continue to cook for 30 minutes.
100 grams banana blossoms
Add brown sugar and season with Maggi Magic Sarap.
¼ cup brown sugar, 4 grams Maggi Magic Sarap
Serve hot. Share and enjoy!",2024-10-14 03:59:08,1,1
Special Chicken Afritada,"▢
1 whole chicken cut into serving pieces
▢
4 ounces chicken liver
▢
3 hotdogs sliced diagonally
▢
2 potatoes quartered
▢
2 carrots diced
▢
2 bell peppers sliced
▢
1 yellow onion chopped
▢
5 dried bay leaves
▢
¾ cups green peas
▢
5 cloves garlic chopped
▢
3 tablespoons soy sauce
▢
8 ounces tomato sauce
▢
1 piece Maggi Magic Chicken Cube
▢
½ cup cheddar cheese grated
▢
fish sauce and ground black pepper to taste.
▢
½ cup cooking oil","Heat the cooking oil in a wok. Pan-fry the potatoes and carrots until they brown a bit (about 3 to 4 minutes). Set aside.
2 potatoes, ½ cup cooking oil, 2 carrots
Reduce the oil to 3 tablespoons. Pan-fry the chicken livers for 30 seconds on each side. Remove the liver and set aside.
4 ounces chicken liver
Sauté the onion and garlic until the onion softens. Add the chicken pieces and continue sautéing until the outer part turns light brown.
1 yellow onion, 5 cloves garlic, 1 whole chicken
Pour the soy sauce into the wok and cook for 30 seconds. Add the hotdogs and cook for 1 minute.
3 tablespoons soy sauce, 3 hotdogs
Pour the tomato sauce into the wok, add 1 cup of water, stir, and bring it to a boil.
8 ounces tomato sauce
Add the chicken liver and dried bay leaves. Simmer for 30 minutes.
5 dried bay leaves
Add the green peas and bell peppers, and cook for 2 minutes. Then, add the fried potatoes and carrots and stir.
¾ cups green peas, 2 bell peppers
Season with the Maggi Magic Chicken Cube, stirring and cooking for 1 minute. Adjust seasoning with fish sauce and ground black pepper to taste. Top with grated cheese.
1 piece Maggi Magic Chicken Cube, fish sauce and ground black pepper to taste., ½ cup cheddar cheese
Transfer to a serving plate. Serve and enjoy!",2024-10-14 03:59:08,1,1
Sotanghon and Egg Noodle Soup,"▢
5 eggs boiled and peeled
▢
160 grams vermicelli
▢
¼ head cabbage shredded
▢
1 ¼ quarts water
▢
2 ½ teaspoons chicken powder
▢
1 teaspoon annatto powder
▢
5 cloves garlic crushed
▢
1 onion chopped
▢
2 stalks of spring onion chopped
▢
1 teaspoon toasted garlic
▢
3 tablespoons cooking oil
▢
fish sauce and ground black pepper to taste","Heat oil in a cooking pot.
3 tablespoons cooking oil
Sauté the garlic until it starts to brown. Add the onion and continue sautéing until it softens.
5 cloves garlic, 1 onion
Stir in the annatto powder and 2 teaspoons of fish sauce.
1 teaspoon annatto powder, fish sauce and ground black pepper to taste
Pour in the water and bring it to a boil.
1 ¼ quarts water
Add the vermicelli and chicken powder. Cover and let it re-boil, then reduce the heat to a simmer and cook for 3 minutes.
160 grams vermicelli, 2 ½ teaspoons chicken powder
Toss the noodles, then add the cabbage.
¼ head cabbage
Cover and cook for an additional 2 minutes.
Add the boiled eggs and green onions, and season with fish sauce and ground black pepper.
5 eggs, fish sauce and ground black pepper to taste, 2 stalks of spring onion
Transfer to a serving plate and top with toasted garlic. Serve hot, share, and enjoy!
1 teaspoon toasted garlic",2024-10-14 03:59:08,1,1
No-Grill Pork Ribs Barbecue,"▢
3 lbs. pork ribs sliced into serving pieces
▢
2 cups water
▢
2 tablespoons cooking oil","Arrange the pork ribs in a mixing bowl. Add the marinade ingredients and mix well. Marinate for at least 30 minutes.
3 lbs. pork ribs, 3 tablespoons Worcestershire sauce, ½ cup banana ketchup, 2 teaspoons onion powder, 1 1/2 teaspoons garlic powder, 1 teaspoon liquid smoke, 1/2 teaspoon ground black pepper
Heat cooking oil in a pan. Fry the marinated pork ribs for 1½ minutes per side. Set aside.
2 tablespoons cooking oil, 3 lbs. pork ribs
Arrange all the fried ribs back in the pan. Pour in 2 cups of water and let it boil. Adjust the heat to a simmer, cover the pan, and continue cooking until the water evaporates completely. Remove the pork ribs from the pan and set them aside.
3 lbs. pork ribs, 2 cups water
Add all the barbecue sauce ingredients to the pan. Turn on the heat and stir. Bring it to a simmer.
1 cup banana ketchup, 3/4 cup white vinegar, 3/4 cup brown sugar, 2 teaspoons smoked paprika, 1/2 cup water
Add the pork ribs back to the pan. Toss until the ribs are completely coated with the barbecue sauce. Continue cooking for 2 minutes.
Transfer the ribs to a serving plate.
Serve and enjoy!",2024-10-14 03:59:08,1,1
Beef Chop Suey,"▢
1 lb. beef top sirloin sliced into thin pieces
▢
5 cloves garlic minced
▢
1 yellow onion sliced thinly
▢
3 stems green onion cut into 2-inch length
▢
½ head cabbage sliced into serving pieces
▢
2 carrots julienne
▢
1 red bell pepper sliced into thick strips
▢
2 cups snap peas
▢
1 tablespoon soy sauce
▢
3 tablespoons cooking oil
▢
½ cup beef stock
▢
8 grams Maggi Magic Sarap","Combine the sliced beef and all the marinade ingredients in a bowl. After that, mix everything well. Set aside for 12 minutes.
2 tablespoons soy sauce, 1 ½ tablespoons oyster sauce, ¼ teaspoon baking soda, 2 teaspoons cornstarch, ¼ teaspoon ground black pepper, 1 tablespoon cooking oil, 1 lb. beef top sirloin
Meanwhile, start to partially cook the vegetables. Heat 2 tablespoons of oil in a wide pan. Stir fry the cabbage, snap peas, carrot, and bell pepper for 1 minute. Sprinkle some salt to flavor it and then pour ¼ cup of beef broth. Cover the pan and let the liquid boil. Continue steaming for 1 minute. Then remove the cover of the pan. Let the remaining liquid evaporate. Set the vegetables aside.
½ head cabbage, 2 carrots, 1 red bell pepper, 2 cups snap peas, 3 tablespoons cooking oil, 8 grams Maggi Magic Sarap, ½ cup beef stock
Heat the remaining oil on the same pan. Once the oil gets hot, stir-fry the marinated beef until the outside part turns light brown.
3 tablespoons cooking oil
Add the minced garlic, white part of the green onion, and sliced onions. Continue to stir-fry until the onion softens.
5 cloves garlic, 3 stems green onion, 1 yellow onion
Add the stir-fried vegetables. Then toss to distribute the ingredients evenly.
Pour 1 tablespoon soy sauce and remaining beef broth. Stir and continue cooking until the sauce thickens.
1 tablespoon soy sauce, ½ cup beef stock
Season with Maggi Magic Sarap as needed.
8 grams Maggi Magic Sarap
Transfer to a serving plate. Share and enjoy!",2024-10-14 03:59:08,1,1
Mie Goreng,"▢
230 grams Egg Noodles
▢
4 ounces chicken breast sliced into serving pieces
▢
3 ounces shrimp deveined and shells removed
▢
3 eggs beaten
▢
1 ¼ cup mung bean sprouts
▢
3 green onions cut into 2-inch pieces
▢
3 baby bok choy chopped
▢
5 cloves garlic minced
▢
1 quart water
▢
4 tablespoons cooking oil","Start by mixing all the sauce ingredients and set aside.
3 tablespoons kecap manis, 3 tablespoons soy sauce, 1 tablespoon Oyster Sauce, 2 tablespoons tomato ketchup, 2 teaspoons sambal oelek, 2 teaspoons Sesame Oil
Boil 1 quart of water in a wok. Add Good Life Egg Noodles. Continue boiling while gently stirring for 2 minutes.
230 grams Egg Noodles, 1 quart water
Discard the water. Set the noodles aside.
Heat 2 tablespoons of cooking oil. Pour the beaten eggs. Cook the eggs until they become firm.
4 tablespoons cooking oil, 3 eggs
Cut them into pieces using the tip of your spatula or cooking spoon. Set aside.
Heat the remaining oil in the same pan. Add the garlic. Sauté until it starts to brown.
5 cloves garlic
Add the sliced chicken. Continue sautéing for 2 minutes.
4 ounces chicken breast
Add the shrimp. Stir-fry for 1 minute.
3 ounces shrimp
Add the green onions, bok choy, and mung bean sprouts. Cook this for 1 minute.
3 green onions, 3 baby bok choy, 1 ¼ cup mung bean sprouts
Stir in the cooked Good Life Egg Noodles. Toss.
Pour the sauce mixture into the wok. Toss again until all the ingredients are well blended.
Transfer to a serving plate. Share and enjoy!",2024-10-14 03:59:08,1,1
Batangas Kaldereta,"▢
3 lbs beef chuck sliced into 1 ½ inch cubes
▢
3 pcs red onions chopped
▢
8 cloves garlic chopped
▢
3 oz liver spread
▢
2 tbsp peanut butter optional
▢
1/4 cup cheddar cheese shredded
▢
3 tbsp sweet pickle relish
▢
1 tsp annatto powder
▢
1 tbsp beef powder
▢
3 pcs Thai chili pepper chopped
▢
1/4 cup soy sauce
▢
3 tbsp Worcestershire sauce
▢
4 cups water
▢
3 tbsp margarine
▢
2 tbsp breadcrumbs
▢
salt to taste
▢
ground black pepper to taste","Combine the beef and soy sauce in a bowl. Mix well. Marinate for 30 minutes.
3 lbs beef chuck, 1/4 cup soy sauce
Melt the margarine in a pan. Add the annatto powder and stir.
1 tsp annatto powder, 3 tbsp margarine
Add the garlic and sauté until it starts to brown. Add the onion and continue to sauté until it becomes soft.
8 cloves garlic, 3 pcs red onions
Add the marinated beef. Sauté until the outer part turns light brown. Make sure to stir frequently while cooking to ensure that all sides are cooked evenly.
Add the Worcestershire sauce and pickle relish. Cook for 2 minutes.
3 tbsp Worcestershire sauce, 3 tbsp sweet pickle relish
Pour in the water and let it boil.
4 cups water
Add the beef powder. Stir and cover the pan. Simmer until the beef becomes tender.
1 tbsp beef powder
Add the liver spread, peanut butter (optional), cheese, and chili peppers. Stir until the sauce smoothens. The sauce will thicken partially after a few minutes.
2 tbsp peanut butter, 1/4 cup cheddar cheese, 3 pcs Thai chili pepper, 3 oz liver spread
Continue cooking on low heat for 5 minutes. Make sure to stir occasionally to prevent the sauce and meat from sticking to the bottom of the pan.
Add the breadcrumbs. This ingredient will make the sauce thicker.
2 tbsp breadcrumbs
Season with salt and ground black pepper.
ground black pepper to taste, salt to taste
Serve and dig in!",2024-10-14 03:59:08,1,1
Burger Steak Sardinas,"▢
2 cans sardines in tomato sauce
▢
1 banana blossoms minced
▢
1 egg
▢
½ cup all-purpose flour
▢
1 teaspoon onion powder
▢
½ teaspoon garlic powder
▢
½ teaspoon salt
▢
¼ teaspoon ground black pepper
▢
¼ cup cooking oil","Arrange the minced banana blossom in a bowl. Add 1 tablespoon of salt. Rub it all over. Wash the salt off and drain the excess water.
1 banana blossoms
Separate the sardines from the sauce. Combine the sardines and banana heart. Add 1 egg, ½ teaspoon garlic powder, 1 teaspoon onion powder, ½ teaspoon salt, and ¼ teaspoon ground black pepper. Mix everything together while mashing the sardines in the process.
2 cans sardines in tomato sauce, 1 egg, 1 teaspoon onion powder, ½ teaspoon garlic powder, ½ teaspoon salt, ¼ teaspoon ground black pepper
Gradually add all-purpose flour. Continue mixing until the mixture becomes firm.
½ cup all-purpose flour
Scoop around ¼ cup of the mixture and shape it into patties. Set aside.
Make the gravy by melting the butter in a saucepan. Add all-purpose flour. Stir while cooking until lumps form and the mixture turns medium brown in color. Add the sauce from the canned sardines and half of the amount of milk while constantly stirring. Add more milk as needed until your desired consistency is achieved. Season with onion powder, salt, and ground black pepper. Set aside.
2 tablespoons butter, 5 tablespoons all-purpose flour, 1 teaspoon onion powder, Salt and ground black pepper to taste, 1 cup milk
Meanwhile, heat 2 tablespoons of cooking oil in a clean pan. Fry the burger patties in medium heat until it browns. Do the same thing on the opposite side.
¼ cup cooking oil
Arrange the sardines burger steak on a plate and then top with the gravy.
Serve this with rice. Share and enjoy!",2024-10-14 03:59:08,1,1
Kung Pao Chicken,"▢
1 ½ lbs boneless chicken thigh diced
▢
1 tablespoon soy sauce
▢
1 tablespoon Shaoxing cooking wine
▢
2 teaspoons cornstarch
▢
A pinch of salt","Combine chicken, 1 tablespoon soy sauce,1 tablespoon Shaoxing rice wine, 2 teaspoons cornstarch, and a pinch of salt in a bowl. Mix well. Set aside.
Combine all the kung pao sauce ingredients in a separate bowl. Mix well. Set aside.
Start to stir fry by heating 3 tablespoons of cooking oil in a wok. Add the dried chilies. Stir fry for 5 seconds.
Add the marinated chicken. Stir fry for 2 minutes.
Add the garlic, white part of the green onion, and ginger. Continue to stir fry for 20 seconds before adding the bell pepper, zucchini, and peanuts, and remaining green onions. Stir fry for 45 seconds to 1 minute.
Pour the sauce into the wok. Stir fry until the chicken is coated evenly. Note: you can add around 1 to 3 tablespoons of water (as needed) while stir frying to prevent the sauce from clumping.
Transfer to a serving plate. Serve with rice.
Share and enjoy!",2024-10-14 03:59:08,1,1
Crispy Garlic Fried Chicken Wings,"▢
2 lbs. chicken wings
▢
1 egg beaten
▢
1 tablespoon cornstarch
▢
2 tablespoons all-purpose flour
▢
2 cups cooking oil","Combine the chicken with all the marinade ingredients. Mix well. Refrigerate for at least 1 hour.
2 lbs. chicken wings, 2 teaspoons garlic powder, 1 teaspoon paprika, 1 head garlic, ½ teaspoon ground white pepper, ¾ teaspoon salt, 2 tablespoons soy sauce, 2 teaspoons onion powder
Meanwhile, make the white sauce by combining all the sauce ingredients in a bowl. Stir to mix everything together. Set aside.
¾ cup mayonnaise, ¾ cup sour cream, 1 teaspoon dill, 1/2 teaspoon parsley, 1/4 teaspoon garlic powder, 1/8 teaspoon onion powder, 1/4 teaspoon kosher salt, 1/8 teaspoon freshly ground black pepper, 1 lime
Add beaten egg. Distribute it all over the chicken pieces.
1 egg
Gradually add the cornstarch and all-purpose flour. Continue mixing until all the ingredients are well incorporated. Set aside.
1 tablespoon cornstarch, 2 tablespoons all-purpose flour
Heat 2 cups of cooking oil in a wok.
2 cups cooking oil
Once the temperature reaches 350F, add the chicken wings one piece at a time. Adjust the heat to medium setting. Continue frying for 8 to 10 minutes or until the chicken turns golden brown. Remove from the wok and let the chicken cool down for 10 to 12 minutes.
Put the fried chicken wings back into the wok and continue frying for 1 minute.
Transfer to a serving plate. Serve with white sauce on the side.
Share and enjoy!",2024-10-14 03:59:08,1,1
Sarciadong Pechay,"▢
3 bunches pechay
▢
2 eggs beaten
▢
2 tomatoes
▢
5 cloves garlic minced
▢
1 onion minced
▢
1 cup water
▢
2 tablespoons cooking oil
▢
Fish sauce and ground black pepper to taste","Heat oil in a pan. Sauté garlic, onion, and tomatoes.
Add the pechay. Sauté for 20 seconds and then pour water. Let it boil.
Gently pour the beaten egg around the pan. Stir and continue cooking until the eggs start to solidify.
Season with fish sauce and ground black pepper. Serve with rice.
Share and enjoy!",2024-10-14 03:59:08,1,1
Calderetang Manok,"▢
3 lbs chicken cut into serving pieces
▢
2 bell peppers (see notes)
▢
1 potato diced
▢
2 carrots diced
▢
8 ounces tomato sauce
▢
3 ounces liver spread (see notes)
▢
4 tablespoons soy sauce
▢
1 1/2 cups water
▢
1 onion minced
▢
5 cloves garlic
▢
1 ½ teaspoons garlic powder
▢
1 ounce cheese (see notes)
▢
½ cup cooking oil
▢
1 lime (see notes)
▢
Fish sauce and ground black pepper to taste","Marinate chicken in soy sauce, 1 ½ teaspoons garlic powder, ½ teaspoon ground black pepper, 1 lime for at least 1 hour.
3 lbs chicken, 4 tablespoons soy sauce, 1 ½ teaspoons garlic powder, 1 lime
Fry the potatoes and carrots. Set aside.
1 potato, 2 carrots
Using around 3 tablespoons of cooking oil, sauté the onion and 4 cloves of minced garlic.
1 onion, ½ cup cooking oil, 5 cloves garlic
Add the marinated chicken once the onion softens. Sauté the chicken until it turns medium brown in color.
3 lbs chicken
Pour the tomato sauce and water into the cooking pot. Cover and let it boil and then adjust the heat to a simmer. Continue cooking for 40 minutes.
8 ounces tomato sauce, 1 1/2 cups water
Add the liver spread. Stir and add the bell peppers, potato, and carrots.
2 bell peppers, 1 potato, 3 ounces liver spread, 2 carrots
Season with fish sauce and ground black pepper.
Fish sauce and ground black pepper to taste
Add the grated cheese.
1 ounce cheese
Serve warm with rice. Share and enjoy!",2024-10-14 03:59:08,1,2
Ginisang Repolyo with Egg,"▢
1 head cabbage chopped
▢
5 eggs
▢
2 carrots julienne (optional)
▢
1 onion chopped
▢
1 bunch green onions chopped
▢
5 cloves garlic minced
▢
3 tablespoons soy sauce
▢
1 1/2 tablespoons oyster sauce
▢
2 teaspoons sesame oil optional
▢
2 tablespoons salt
▢
1/4 teaspoon ground black pepper
▢
1/2 teaspoon sugar optional
▢
5 tablespoons cooking oil","Combine chopped cabbage and salt. Mix it altogether. Let it stay for 10 minutes and then rinse with water. Set the cabbage aside.
1 head cabbage, 2 tablespoons salt
Beat the eggs and add a bit of salt and ground black pepper.
5 eggs, 1/4 teaspoon ground black pepper
Heat 2 tablespoons of cooking oil in a pan. Once the oil gets hot, pour beaten eggs. Cook it until firm and then cut into small pieces using the tip of your spatula or cooking spoon. Remove the egg from the pan. Set it aside.
5 tablespoons cooking oil
Heat the remaining oil. Sauté the onion and garlic.
5 cloves garlic, 1 onion
Once the onion softens. Add the carrots. Sauté for 30 seconds.
2 carrots
Add the cabbage. Continue sautéing for 2 minutes.
1 head cabbage
Add the soy sauce , oyster sauce, and sesame oil. Cook for 1 minute. Note: this is also the time to add sugar if you want.
3 tablespoons soy sauce, 1 1/2 tablespoons oyster sauce, 1/2 teaspoon sugar, 2 teaspoons sesame oil
Put the scrambled eggs into the pan and then add the chopped green onions and sesame oil.
1 bunch green onions, 5 eggs
Season it with ground black pepper.",2024-10-14 03:59:08,1,2
Chicken Gizzard Ginataan,"▢
3 lbs chicken gizzard
▢
2 cups coconut milk
▢
1 bunch kangkong leaves
▢
1 red bell pepper
▢
1 onion minced
▢
2 thumbs ginger minced
▢
5 cloves garlic minced
▢
3 bay leaves
▢
3 tablespoons cooking oil
▢
1 quart water
▢
Fish sauce and ground black pepper to taste","Pour the water in a cooking pot. Let it boil.
Add dried bay leaves and chicken gizzards. Reduce the heat to medium setting. Boil until the gizzard becomes tender (around 35 to 45 minutes). Remove the gizzards from the pot and set it aside.
Heat the oil in a wok. Sauté the garlic, ginger, and onion.
Add the boiled gizzards once the onion softens. Sauté for 2 minutes.
Pour-in the coconut milk. Let it boil. Simmer until it reduces to half.
Add the bell pepper. Cook for 2 minutes.
Add the kangkong leaves. Season with fish sauce and ground black pepper.
Transfer to a serving plate. Serve with rice. Share and enjoy!",2024-10-14 03:59:08,1,2
Chicken Adobo,"▢
2 lbs chicken (note 1)
▢
3 pieces dried bay leaves (note 2)
▢
4 tablespoons soy sauce (note 3)
▢
6 tablespoons white vinegar (note 4)
▢
5 cloves garlic (note 5)
▢
1 1/2 cups water
▢
3 tablespoons cooking oil
▢
1 teaspoon sugar (note 6)
▢
1/4 teaspoon salt (note 7)
▢
1 teaspoon whole peppercorn (note 8)","Combine chicken, soy sauce, and garlic in a large bowl. Mix well. Marinate the chicken for at least 1 hour. Note: the longer the time, the better
2 lbs chicken, 4 tablespoons soy sauce
Heat a cooking pot. Pour cooking oil.
3 tablespoons cooking oil
When the oil is hot enough, pan-fry the marinated chicken for 2 minutes per side.
Pour-in the remaining marinade, including garlic. Add water. Bring to a boil
1 1/2 cups water
Add dried bay leaves and whole peppercorn. Simmer for 30 minutes or until the chicken gets tender
3 pieces dried bay leaves, 1 teaspoon whole peppercorn
Add vinegar. Stir and cook for 10 minutes.
6 tablespoons white vinegar
Put-in the sugar, and salt. Stir and turn the heat off.Serve hot. Share and Enjoy!
1 teaspoon sugar, 1/4 teaspoon salt",2024-10-14 03:59:08,1,2
Pork Kilawin,"▢
1 lb pork belly
▢
2 cucumbers sliced
▢
2 tomatoes (optional)
▢
1 red onion sliced
▢
3 pieces chili pepper chopped","Combine all the marinade ingredients in a bowl. Mix well. Add the pork belly. Marinate for at least 3 hours.
Grill the pork belly until fully cooked. Slice it into serving pieces. Set aside.
Combine all the sauce ingredients in a large mixing bowl. Add the sliced pork, cucumber, tomato, onion, and chili pepper. Toss until well blended.
Transfer to a serving plate. Serve.
Share and enjoy!",2024-10-14 03:59:08,1,2
Pork Hamonado,"▢
2 lbs. pork belly sliced into serving pieces
▢
2 cups pineapple juice
▢
20 ounces pineapple chunks
▢
6 cloves garlic crushed
▢
6 tablespoons soy sauce
▢
3 tablespoons brown sugar
▢
2 teaspoons whole peppercorn
▢
3 tablespoons cooking oil
▢
Salt to taste","Heat the oil in a cooking pot. Fry each side of the pork belly for 2 minutes.
3 tablespoons cooking oil, 2 lbs. pork belly
Pour-in the soy sauce, pineapple juice, and half of the pineapple chunks.
2 cups pineapple juice, 6 tablespoons soy sauce, 20 ounces pineapple chunks
Add the garlic and whole peppercorn. Cover and let it boil.
6 cloves garlic, 2 teaspoons whole peppercorn
Reduce the heat to a simmer. Continue cooking until the pork tenderizes. Note: This should take around 60 minutes. You can add water as needed.
Add the remaining pineapple chunks and brown sugar. Season with salt as needed. Cook for 2 minutes.
3 tablespoons brown sugar, Salt to taste
Serve warm with rice. Share and enjoy!",2024-10-14 03:59:08,1,2
Braised Pork Belly with Potato and Peppers,"▢
2 lbs. pork belly cubed
▢
2 pieces potato cut into large cubes
▢
3 tablespoons soy sauce
▢
2 tablespoons oyster sauce
▢
2 tablespoons white vinegar
▢
3 pieces dried bay leaves
▢
5 cloves garlic
▢
1 piece onion chopped
▢
2 pieces tomatoes chopped
▢
3 cups water
▢
1 teaspoon brown sugar
▢
¼ teaspoon ground black pepper
▢
Salt to taste","Sear the pork belly until brown and enough oil has been extracted. Remove it from the pan and set it aside.
2 lbs. pork belly
Sauté the garlic and onion in the extracted pork fat until the onion softens.
5 cloves garlic, 1 piece onion, 2 pieces tomatoes
Add the pork belly back into the pan. Saute it for 1 minute.
2 lbs. pork belly
Pour the soy sauce and oyster sauce. Stir and then add the water. Cover the pan. Let the mixture boil. Add the dried bay leaves, and then adjust the heat setting to a simmer. Continue simmering for 30 minutes.
3 tablespoons soy sauce, 2 tablespoons oyster sauce, 3 cups water, 3 pieces dried bay leaves
Add the white vinegar and sugar. Cover the pan and simmer until the pork tenderizes completely. Note: This can take from 30 to 45 minutes.
2 tablespoons white vinegar, 1 teaspoon brown sugar
Add the potatoes. Cook it for 6 minutes.
2 pieces potato
Add the bell pepper and ground black pepper. Season with salt and ground black pepper. Cover and cook for 2 minutes.
2 lbs. pork belly, Salt to taste, ¼ teaspoon ground black pepper
Transfer to a serving plate. Serve warm. Share and enjoy!",2024-10-14 03:59:08,1,2
Fried Eggplant (Crispy Fritters / Talong Okoy),"▢
5 pieces Chinese eggplants
▢
2 pieces eggs
▢
1 bunch green onions chopped
▢
4 tablespoons cornstarch
▢
8 tablespoons all-purpose flour
▢
½ teaspoon baking powder
▢
5 teaspoons salt
▢
¼ teaspoon ground black pepper
▢
2 cups water
▢
2 cups cooking oil","Grate the eggplants and arrange in a bowl. Sprinkle 4 teaspoons of salt. Toss until the eggplants are evenly coated. Let it stay for 10 minutes.
5 pieces Chinese eggplants, 5 teaspoons salt
Add 2 cups of water into the bowl. Wash the eggplants to get rid of the salt. Grab the eggplants with your hand and squeeze until the water drains completely. You can also put this in a cheesecloth and wring it until the water drains out.
2 cups water
Combine flour, cornstarch, and baking powder in a bowl. Mix well and then set aside.
4 tablespoons cornstarch, 8 tablespoons all-purpose flour, ½ teaspoon baking powder
Beat the eggs in a large bowl. Add the eggplants, green onions, salt, and ground black pepper. Mix it well.
2 pieces eggs, 2 tablespoons green onion, ¼ teaspoon ground black pepper, 5 pieces Chinese eggplants
Gradually add the flour and cornstarch mixture. Mix until all the ingredients are well blended.
8 tablespoons all-purpose flour, 4 tablespoons cornstarch
Heat 2 cups of oil in a small pan. Note: the oil must be deep enough for the mixture to float.
2 cups cooking oil
Scoop around 3 tablespoons of the eggplant mixture into the pan with hot oil. Fry until both sides are brown and crispy. Drain the excess oil and arrange the eggplant fritters on a serving plate.
Make the dipping sauce by combining vinegar, sugar, salt, ground black pepper, and soy sauce in a bowl. Microwave for 30 seconds and then stir until well blended. Add chili peppers, onion, garlic, and green onion. Serve with the eggplant fritters.
¼ teaspoon ground black pepper, 1 cup white vinegar, 2 teaspoons soy sauce, ½ piece red onion, 3 pieces Thai chili pepper, 3 cloves garlic, 1 teaspoon sugar, ¼ teaspoon salt, 1 bunch green onions
Share and enjoy!",2024-10-14 03:59:08,1,2
Stir Fry Eggplant Recipe,"▢
4 pieces Chinese eggplant sliced
▢
4 ounces ground pork
▢
2 tablespoons cornstarch
▢
2 tablespoons white vinegar
▢
¼ cup green onions chopped
▢
1 tablespoon salt
▢
2 cups water
▢
1 tablespoon cooking oil","Combine 2 cups water, 1 tablespoon salt, and 2 tablespoons vinegar in a large mixing bowl. Stir and then add the sliced eggplants. Soak it for 20 minutes.
Make the sauce by combining all the sauce ingredients as listed above the ingredient section in a bowl. Mix well and then set aside.
Remove the eggplants from the bowl and place it in a colander. Gently squeeze until enough water has been extracted from the eggplants. Sprinkle the cornstarch over it and then toss the eggplants until it gets evenly coated. Set this aside.
Heat 1 tablespoon of cooking oil in a pan. Add the ground pork. Sauté this until the color turns light to medium brown.
Add the eggplants. Continue sautéing for 2 minutes.
Pour the sauce into the pan. Stir and continue cooking using medium heat until the sauce thickens.
Garnish with chopped green onions and then transfer to a serving plate.
Serve! Share and enjoy.",2024-10-14 03:59:08,1,2
Ham Fried Rice,"▢
4 cups cooked rice
▢
1 cup ham chopped
▢
1 piece bell pepper chopped
▢
1 piece onion chopped
▢
½ cup green onion chopped (white part separated from the green part)
▢
2 pieces eggs beaten
▢
2 tablespoons soy sauce
▢
1 teaspoon sesame oil
▢
4 tablespoons canola oil
▢
Salt and ground black pepper to taste","Heat the oil in a pan. Fry the eggs until done. Remove and place on a clean plate. Chop using your spatula and set it aside.
4 tablespoons canola oil, 2 pieces eggs
Saute the ham using the remaining cooking oil for 2 minutes. Add onion, bell pepper, and white part of the green onion. Continue to saute for 1 minute.
1 cup ham, 1 piece bell pepper, 1 piece onion, ½ cup green onion
Add the cooked rice. Toss until all the ingredients are well blended.
4 cups cooked rice
Pour the soy sauce and sesame oil into the pan. Toss.
2 tablespoons soy sauce, 1 teaspoon sesame oil
Add the cooked egg and green onions. Toss and continue cooking for 3 minutes.
Season with salt and ground black pepper.
Salt and ground black pepper to taste
Serve warm. Share and enjoy!",2024-10-14 03:59:08,1,2
Crispy Pancit Canton Noodles Recipe,"▢
250 grams Pancit canton
▢
37 grams Knorr crab and Corn soup
▢
10 pieces shrimp cleaned
▢
12 pieces quail eggs boiled
▢
¼ lb. chicken thigh sliced
▢
1 piece carrot thinly sliced crosswise
▢
3 pieces baby bok choy halved
▢
1 bunch green onion sliced
▢
3 cloves garlic chopped
▢
2 tablespoons oyster sauce
▢
1 teaspoon sesame oil
▢
2 cups water
▢
2 cups cooking oil","Start to blanch the vegetables and shrimp by boiling the water in a cooking pot. Put the carrot first, quickly boil for 1-minute. Remove the carrot from the cooking pot and transfer to a bowl with ice cold water. Soak it for 2 minutes and then remove from the bowl and place in a clean plate. Do the same step with the bok choy and shrimp. Set aside.
10 pieces shrimp, 1 piece carrot, 3 pieces baby bok choy
Fry the pancit canton noodles. Start by heating 2 cups of oil in a wok. Add the pancit canton. Deep fry while gently tossing until it becomes crispy (around 30 to 45 seconds). Remove from the cooking pot. Let the oil drip before arranging it on a serving plate.
250 grams Pancit canton, 2 cups cooking oil
Make the sauce by sautéing garlic and the white part of the green onion. Add the chicken thigh. Cook for 2 minutes. Add the shrimp and carrot. Stir-fry for 30 seconds.
1 bunch green onion, 3 cloves garlic, ¼ lb. chicken thigh
Combine Knorr Crab and Corn Soup with 500 ml. water. Mix well. Pour the mixture into the cooking pot. Stir and continue cooking until the sauce thickens.
37 grams Knorr crab and Corn soup, 2 cups water
Add the quail eggs, oyster sauce, and sesame oil. Season with ground white pepper.
12 pieces quail eggs, 2 tablespoons oyster sauce, 1 teaspoon sesame oil
Arrange the bok choy around the plate and then pour the sauce over the crispy noodles. Serve warm. Share and enjoy!",2024-10-14 03:59:08,1,2
How to Cook Easy Pork Afritada,"▢
2 lbs. pork belly cut into large cubes
▢
1 piece Knorr Pork Cube
▢
3 pieces hotdogs sliced
▢
2 pieces potatoes cut into large cubes
▢
3 pieces carrots cut into large cubes
▢
16 ounces tomato sauce
▢
3 pieces bay leaves
▢
1 piece red bell pepper
▢
1 piece green bell pepper
▢
5 cloves garlic chopped
▢
1 piece onion chopped
▢
1 1/2 cups water
▢
Salt and ground black pepper to taste
▢
3 tablespoons cooking oil","Heat oil in a cooking pot. Fry the pork belly until the color of the outer part turns light to medium brown. Remove the pork and place on a clean plate. Set aside.
Put the hotdogs into the pot. Fry it for 1 minute. Remove and set aside.
Using the remaining oil, sauté the garlic and onion.
Add the pork back once the onion softens. Sauté it for 1 minute.
Pour the tomato sauce into the cooking pot. Add water. Let the mixture boil.
Add Knorr Pork Cube and bay leaves. Cover the pot and simmer for 1 hour or until the pork tenderizes.
Add the hotdogs, potato, and carrot. Cook for 5 minutes.
Add the bell peppers and season with salt and ground black pepper. Cook for 3 minutes.
Serve with white rice. Share and enjoy!",2024-10-14 04:03:13,2,3
Pork and Shrimp Siomai with Chili Garlic Oil,"▢
3 lbs. ground pork
▢
1 cup shrimp minced see notes
▢
12 ml. Knorr Liquid Seasoning
▢
½ cup onion minced
▢
½ cup carrot minced
▢
¼ cup green onion minced
▢
4 tablespoons cornstarch
▢
1 piece egg
▢
2 teaspoons sesame oil
▢
½ teaspoon salt
▢
¼ teaspoon ground black pepper
▢
50 pieces wonton wrapper","Prepare the shumai by combining pork, shrimp, onion, carrot, green onion, and egg in a bowl. Mix well and then add Knorr Liquid Seasoning, sesame oil, salt, and ground black pepper. Continue mixing until the ingredients are well distributed.
Gradually add the cornstarch as needed. Note: this is a binding ingredient that helps absorb moisture from the mixture.
Put steamer liners on your steamer. Arrange the siomai on top. Steam for 20 to 30 minutes.
Make the chili garlic oil by mincing the garlic and Thai chili pepper in a food processor.
Pour 1 1/2 cups of cooking oil in a wok and then add the minced garlic and chili peppers along with star anise and dried bay leaves. Turn on the heat of the stove to the lowest setting. Gradually stir the mixture while cooking for 30 to 45 minutes.
Add vinegar, brown sugar, salt, and oyster sauce unto the mixture. Continue cooking for 3 minutes.
Remove the star anise and dried bay leaves.
Arrange the siomai on a serving plate and top with chili garlic oil then serve with a dipping sauce composed of soy sauce and calamansi.
Share and enjoy!",2024-10-14 04:03:13,2,3
Pork Chop Steak,"▢
4 lbs. pork chop
▢
1 piece Knorr Pork Cube
▢
½ cup soy sauce
▢
1 piece lemon
▢
4 pieces yellow onions sliced into rings
▢
10 cloves garlic crushed and chopped
▢
1 teaspoon cornstarch
▢
2 cups water
▢
3 tablespoons cooking oil
▢
Ground black pepper to taste","In a large bowl, combine pork chops, soy sauce, 5 cloves chopped garlic, juice of 1 lemon, and some ground black pepper. Mix it well. Marinate for at least 30 minutes.
Heat 1 tablespoon of cooking oil in a pan. Fry the pork chops for around 2 ½ minutes per side. Remove from the pan and set aside.
Heat the remaining oil. Sauté half of the onions and the remaining garlic.
Add the pork chops once the onion softens. Continue to sauté for 2 minutes.
Pour the remaining marinade and water into the pan. Let the liquid boil.
Add Knorr Pork Cube. Cover the pan and. Adjust the heat to the lowest setting. Simmer for 45 to 60 minutes or until the pork chop becomes tender.
Combine cornstarch with ¼ cup water. Stir until well blended and then pour the mixture into the pan.
Add the remaining onions. Cover the pan and continue cooking for 3 minutes.
Transfer to a serving plate. Serve with warm rice.
Share and enjoy!",2024-10-14 04:03:13,2,3
Creamy Tofu with Mixed Vegetables,"▢
48 ounces extra firm tofu diced
▢
35 grams Knorr Cream of Mushroom
▢
1 piece Knorr Chicken Cube
▢
½ cup all-purpose cream
▢
¾ cup green peas
▢
¾ cup carrots diced
▢
¾ cups corn kernels
▢
1 piece onion minced
▢
3 cloves garlic minced
▢
2 tablespoons roasted garlic optional
▢
3 tablespoons butter
▢
1 cup cooking oil
▢
2 cups water","Salt and ground black pepper to taste
Deep fry the tofu until it turns golden brown. Set aside.
Melt butter in a pan and then add 2 tablespoons of cooking oil. Sauté the garlic and onion until the onion softens.
Add the fried tofu. Saute for 30 seconds.
Add the green peas, carrots, and corn. Saute for 2 minutes.
Put-in the Knorr Chicken Cube.
Combine water and Knorr Cream of Mushroom. Mix well and then pour the mixture into the pan. Stir.
Pour the heavy cream. Adjust the heat to the lowest setting. Simmer until the sauce reduces to half.
Add some toasted garlic (if desired) and season with salt and ground black pepper.",2024-10-14 04:03:13,2,3
Egg Fried Rice Recipe,"▢
4 eggs see note 1
▢
4 cups leftover rice see note 2
▢
1 onion chopped
▢
1/2 bell pepper chopped
▢
3 sweet peppers chopped
▢
2 tablespoons soy sauce
▢
1 teaspoon sesame oil
▢
3/4 cup green onion chopped
▢
1/4 teaspoon salt
▢
1/2 teaspoon sugar see note 3
▢
4 tablespoons cooking oil","Crack the eggs and place in a bowl.
Heat oil in a wok. Once the oil gets hot, pour the eggs into the wok. Cook until the bottom part turns brown and somewhat crispy. Turn the eggs over and do the same to the other side.
Add the peppers and onion. Sauté the ingredients for 1 minute while breaking the eggs apart.
Add half of the leftover rice. Stir fry for 2 minutes.
Add the remaining rice. Continue cooking until all the ingredients are well blended.
Pour the sesame oil and soy sauce. Continue stir frying for 2 minutes.
Season with salt and sugar and add the green onions. Toss until well blended.
Transfer to a serving plate. Serve with your favorite main dish.
Share and enjoy!",2024-10-14 04:03:13,2,3
Cheesy Pork Caldereta,"▢
3 lbs. pork ribs see note 1
▢
1 piece Knorr Pork Cube
▢
1 teaspoon Knorr Liquid Seasoning
▢
½ cup cheddar cheese grated
▢
¼ cup liver spread see note 2
▢
1 piece red bell pepper
▢
1 piece green bell pepper
▢
¾ cup green peas
▢
2 pieces potatoes diced
▢
2 pieces carrots diced
▢
8 ounces tomato sauce
▢
2 tablespoons tomato paste
▢
3 tablespoons soy sauce
▢
4 cups water
▢
1 piece onion chopped
▢
4 cloves garlic minced
▢
3 tablespoons cooking oil
▢
Salt and ground black pepper","Sprinkle salt on the potatoes and carrots. Toss to distribute. Air fry these at 350F for 12 minutes. Set aside.
2 pieces potatoes, 2 pieces carrots
Boil 2 cups water in a cooking pot. Add the pork ribs. Continue boiling for 3 minutes. Discard the water and set the pork aside.
3 lbs. pork ribs, 4 cups water
Heat 3 tablespoons of cooking oil in a clean cooking pot. Sauté the garlic until it starts to brown. Add the onion and continue cooking until it softens.
1 piece onion, 4 cloves garlic, 3 tablespoons cooking oil
Add the pork ribs. Sauté it until it turns light brown.
3 lbs. pork ribs
Pour the soy sauce. Continue cooking for 1 minute.
3 tablespoons soy sauce
Add the tomato sauce and 2 cups of water. Let it boil.
8 ounces tomato sauce
Add Knorr Pork Cube. Cover the cooking pot. Adjust the heat to a simmer. Continue cooking until the pork tenderizes. Note: this usually take between 45 to 60 minutes.
1 piece Knorr Pork Cube
Stir-in the liver spread and add tomato paste.
¼ cup liver spread, 2 tablespoons tomato paste
Put-in the bell peppers, carrots, potatoes, and green peas. Add Continue cooking for 2 minutes.
1 piece red bell pepper, ¾ cup green peas, 2 pieces potatoes, 2 pieces carrots, 1 piece green bell pepper
Add the cheese and Knorr Liquid Seasoning. Cook for 2 minutes.
1 teaspoon Knorr Liquid Seasoning, ½ cup cheddar cheese
Season with salt and ground black pepper.
Salt and ground black pepper
Serve. Share and enjoy!",2024-10-14 04:03:13,2,3
Cheesy Lumpiang Shanghai,"▢
30 pieces lumpia wrapper
▢
2 cups cooking oil
▢
2 lbs. ground pork see note 1
▢
8 pieces Mozzarella string cheese see note 2","Combine ground pork with the filling ingredients. Add Knorr Liquid seasoning. Mix everything together.
2 lbs. ground pork, 2 teaspoons Knorr Liquid Seasoning, 1 cup carrot, 4 tablespoons cornstarch, 1 egg, Ground black pepper to taste, 1 piece onion
Wrap the lumpia by laying a sheet of lumpia wrapper on a clean flat surface. Scoop around 1 ½ tablespoons of mixture and spread it on one side of the wrapper. Put the sliced string cheese over and cover it completely with the meat mixture. Fold the sides of the wrapper inward, roll it, and secure the ends. Perform this step until the entire meat mixture is consumed.
30 pieces lumpia wrapper, 8 pieces Mozzarella string cheese
Cook the lumpia by heating the remaining oil in a wok. Deep fry using medium heat setting until the lumpia turns golden brown.
2 cups cooking oil
Arrange on a serving plate and serve with ketchup. Share and enjoy!",2024-10-14 04:03:13,2,3
Lechon Sinigang,"▢
2 lbs. lechon cut into serving pieces
▢
22 grams Knorr Sinigang sa Sampaloc Original
▢
1 piece daikon radish sliced
▢
15 pieces string beans cut into 2-inch pieces
▢
2 pieces eggplants sliced
▢
2 pieces long green peppers
▢
10 pieces okra
▢
2 pieces onions wedged
▢
2 pieces tomatoes wedged
▢
3 cloves garlic crushed
▢
1 bunch water spinach kangkong
▢
1 ½ quarts water
▢
3 tablespoons cooking oil
▢
Fish sauce and ground black pepper to taste","Heat the oil in a cooking pot. Sauté the garlic, onion, and tomato.
Once the onion softens, add the lechon. Sauté for 2 minutes.
Pour the water into the cooking pot. Cover and let it boil.
Add 2 sachets of Knorr Sinigang sa Sampaloc (original). Stir. Cover the pot and continue boiling (using the lowest heat setting of your stove) for 30 minutes.
Add the daikon radish. Cook for 5 minutes.
Add the long green pepper, okra, string beans, and eggplant. Cover and continue cooking for 5 minutes.
Add the water spinach. Cook for 2 minutes.
Season with fish sauce and ground black pepper.
Transfer to a serving bowl. Serve hot with rice.
Share and enjoy!",2024-10-14 04:03:13,2,3
Crispy Palabok,"▢
250 grams rice vermicelli sotanghon
▢
2 ½ cups cooking oil","Heat 2 ½ cups of cooking oil in a wok or cooking pot. Once the oil reaches 350F, fry the vermicelli until it gets puffed and crispy. Remove from the pan and let the oil drip off. Arrange on a serving plate. Also arrange half of the topping ingredients around the plate.
Make the sauce by heating the oil in a wok. Saute the white part of the green onion until it softens. Add the ground pork. Saute until it browns.
Add the annatto powder and flour. Continue cooking while stirring for 1 minute.
Pour the water into the wok. Bring it to a simmer.
Add Knorr Shrimp Cube, smoked fish flakes, and anion powder. Continue to simmer while stirring for 3 to 5 minutes. Make sure to add more water if the sauce needs to be thinned down. Season with fish sauce and ground black pepper.
Pour the sauce over the crispy noodles (Note: it is recommended to do this while the sauce is hot). Top with the remaining ingredients.
Serve. Share and enjoy!",2024-10-14 04:03:13,2,3
Crispy Fried Chicken with Mushroom Gravy,"▢
2 lbs chicken cut into serving pieces, see note 1
▢
24 ml Knorr Liquid Seasoning
▢
3 pieces eggs beaten
▢
2 cups cooking oil","Coat the chicken all over with Knorr Liquid Seasoning. Let it stay for 10 minutes.
24 ml Knorr Liquid Seasoning, 2 lbs chicken
Meanwhile, make the mushroom gravy. Melt butter in a pot. Add all-purpose flour. Stir while cooking until lumps form and the mixture turns medium brown in color.
3 tablespoons butter, ¾ cups all-purpose flour
Combine Knorr Cream of Mushroom with 1 ½ cups of water. Mix well and pour into the pot. Stir and let this simmer for a few minutes. Continue stirring until the consistency of the mixture smoothens. Set this aside while keeping it warm.
55 grams Knorr Cream of Mushroom, 1 ½ cups water
Heat the oil in a deep pan.
2 cups cooking oil
Combine all the breading ingredients in a bowl and mix it well.
¾ cups cornstarch, 1 ½ teaspoons salt, ¼ cup all-purpose flour, 1 teaspoon baking powder
Dredge the chicken into the breading, dip in beaten egg, and roll it back into the breading making sure that the entire piece is well coated.
3 pieces eggs
Start frying the chicken until both sides are brown and crisp (and the internal temperature reads at least 165F).
Arrange on a serving plate. Serve with mushroom gravy. Share and enjoy!",2024-10-14 04:03:13,2,3
Truffle Mushroom Pasta,"▢
½ lb. Fettuccine
▢
35 grams Knorr Cream of Mushroom
▢
8 ounces baby bella mushroom sliced
▢
¼ cup heavy whipping cream
▢
1 teaspoon truffle oil
▢
1 sprig rosemary chopped
▢
2 tablespoons parsley chopped
▢
3 tablespoons butter
▢
¼ cup parmesan cheese grated
▢
1 ½ cups water
▢
1 tablespoon olive oil
▢
Ground black pepper to taste","Cook the fettuccine based on package instructions. Set aside.
Make the sauce by melting butter in a pan. Add the olive oil.
Sauté the mushrooms until soft.
Combine Knorr Cream of mushroom and water. Mix well. Pour the mixture into the pan and add the rosemary. Cook for 10 minutes using the lowest heat setting.
Pour the heavy cream and add truffle oil. Season with ground black pepper and parmesan cheese.
Toss-in the fettuccine making sure that it completely gets coated with the sauce.
Transfer to a serving plate. Sprinkle parsley and top with more parmesan.
Share and enjoy!",2024-10-14 04:03:13,2,3
Pork Belly with Boiled Eggs in Oyster Sauce,"▢
3 lbs. pork belly sliced into serving pieces
▢
1 Knorr Pork cube
▢
25 quail eggs boiled and peeled
▢
3 onions sliced
▢
½ lime
▢
1 head garlic crushed and chopped
▢
3 tablespoons soy sauce
▢
2 tablespoons oyster sauce
▢
2 tablespoons Worcestershire sauce
▢
1 tablespoon brown sugar
▢
4 cups water
▢
4 tablespoons cooking oil
▢
Ground black pepper to taste","Heat oil in a pan. Sauté 1 onion and garlic.
Add the pork belly. Continue sautéing until it browns. Note: this can take up to 5 minutes.
Add the soy sauce, oyster sauce, and Worcestershire sauce. Stir and cook for 1 minute.
Pour the water into the pan. Cover it and let boil.
Add Knorr Pork cube. Cover and simmer for 60 to 80 minutes.
Add the brown sugar and squeeze the lime. Cook until the sauce evaporates almost completely.
Add the remaining onions. Stir and continue cooking until the onion softens.
Season with ground black pepper.
Add the boiled quail eggs and gently toss. Cook for 1 minute.
Transfer to a serving plate. Serve with rice. Share and enjoy!",2024-10-14 04:03:13,2,3
Crispy Tofu Fried Chicken with Chicken Gravy,"▢
2 lbs. extra firm tofu
▢
1 Knorr Chicken Cube
▢
2 teaspoons Knorr Liquid Seasoning
▢
2 eggs beaten
▢
¾ cup water
▢
2 cups cooking oil","Freeze the tofu overnight. Thaw and slice into serving pieces. Press to extract the liquid from it. Set aside.
Meanwhile, melt half of the Knorr chicken cube in ¾ cups water. Add Knorr Liquid seasoning. Pour the mixture over the tofu. Press the tofu to absorb the marinade. Let it stay for 10 minutes.
While marinating, make the chicken gravy. Melt butter in a saucepan. Add all-purpose flour. Cook in while stirring for 5 to 8 minutes or until the roux browns enough. Add Knorr Chicken Cube. Stir until melted. Pour water into the saucepan. Stir until well blended. Add onion powder, garlic powder, and ground black pepper. Continue cooking for 1 minute. Set aside.
Combine breading ingredients in a bowl. Using a cheese grater, grate the remaining Knorr chicken cube and combine with the breading mixture. Mix well.
Heat oil in a pan.
Gently press the marinated tofu to release the liquid marinade. Dredge it into the flour mixture, dip in beaten egg, and then dredge it back again in flour. Fry one side until golden brown. Turn it over and do the same to the opposite side. Remove from the pan and arrange on a serving plate.
Serve with chicken gravy and rice. Share and enjoy!",2024-10-14 04:03:13,2,4
Filipino Spaghetti Recipe,"▢
1 lb. spaghetti
▢
1 lb. ground pork
▢
1 Knorr Pork Cube
▢
3 tablespoons liver spread
▢
12 hotdogs sliced
▢
35 ounces Filipino Style Spaghetti Sauce
▢
1 tablespoon all-purpose flour
▢
1 cup water
▢
1 onion minced
▢
3 cloves garlic minced
▢
3 tablespoons cooking oil
▢
Salt and ground black pepper to taste","Cook the Spaghetti noodles (al dente) according to package instructions. Once cooked, Drain the water, and then transfer the spaghetti to a bowl. Cover it and set aside.
Heat the oil in a Pan. Sauté the onion and garlic.
Once the onions soften, add the ground pork. Cook until the color turns light brown.
Add the hotdog. Continue sautéing for 30 seconds.
Add the flour. Continue cooking for 1 minute.
Pour-in the Spaghetti sauce and water into the pan. Stir continuously until the texture of the sauce smoothens. Cover the pan. Let it boil.
Add Knorr Pork Cube. Cook for 15 to 18 minutes or until the sauce gets thick enough.
Add the liver spread and season with salt and ground black pepper as needed.
Add the cooked spaghetti into the pan. Toss until it completely gets coated with the sauce.
Top with shredded cheddar cheese.
Transfer to a serving plate and serve. Share and enjoy!",2024-10-14 04:03:13,2,4
Tofu and Broccoli Stir fry,"▢
8 oz. extra firm tofu sliced in 1/2 inch thick pieces
▢
3 cups sliced broccoli florets
▢
1 carrot sliced diagonally (optional)
▢
1 medium onion sliced
▢
1 teaspoon minced garlic
▢
1 teaspoon minced ginger
▢
2 tablespoons oyster sauce
▢
6 tablespoons cooking oil
▢
Salt and pepper to taste","Heat a pan and then pour-in 4 tablespoons of cooking oil.
When the oil becomes hot, fry both sides of the sliced tofu until the texture becomes crisp (about 8 to 10 minutes per side)
Remove the tofu from the pan and let cool. Slice into smaller rectangular pieces. Set aside.
On a clean frying pan, heat the remaining oil.
Sauté the garlic, ginger, and onion
Add the fried tofu slices along with the oyster sauce. Stir.
Put-in the broccoli florets. Stir and then cook for 5 to 8 minutes.
Add salt and pepper to taste.
Transfer to serving plate.
Serve with rice. Share and enjoy!",2024-10-14 04:03:13,2,4
Ginisang Puso ng Saging,"▢
1 banana heart
▢
8 ounces pork thinly sliced
▢
1 Knorr Pork Cube
▢
2 ounces vermicelli sotanghon
▢
1 onion
▢
3 cloves garlic
▢
½ cup white vinegar
▢
5 cups water
▢
3 tablespoons cooking oil
▢
1 tablespoon salt
▢
Fish sauce and ground black pepper to taste","Clean the banana heart and slice it into thin pieces. Combine ½ cup vinegar and 1 cup of water in a large bowl. Put the sliced banana heart into the mixture. Rub the salt onto it and soak for 10 to 20 minutes. Drain the liquid mixture and then wring the banana hearts (a chunk at a time) to force the liquid to come out. Set aside.
Soak the vermicelli in 2 cups of water for 12 minutes. Drain the water and then set the vermicelli aside.
Heat the oil in pan. Sauté the garlic and onion until the latter softens.
Add the pork sliced. Continue to cook until it browns.
Pour 1 cup of water into the pan. Cover it and let the water boil. Adjust the heat between low to medium heat setting. Cook until the liquid completely evaporates.
Add the sliced banana hearts. Sauté it for 2 minutes.
Pour the remaining 1 cup of water into the pan. Let it boil. Add Knorr Pork Cube. Cover and cook until the water reduces to half. Note: you can add more water if the banana heart slices needs to be cooked further to soften.
Remove the cover and season with fish sauce and ground black pepper as needed.
Serve with rice. Share and enjoy!",2024-10-14 04:03:13,2,4
Panlasang Pinoy Special Pancit Canton,"▢
400 grams pancit canton boiled for 2 minutes.
▢
1 Knorr Shrimp cube
▢
12 ounces pork belly
▢
6 ounces pork liver sliced
▢
2 Chinese sausage sliced
▢
5 kikiam
▢
12 shrimp
▢
12 quail eggs boiled
▢
2 cups cabbage sliced
▢
1 red bell pepper Julienne
▢
20 long green beans sliced
▢
1 carrot Julienne
▢
1 onion sliced
▢
5 cloves garlic chopped
▢
1 cup water
▢
¼ cup soy sauce
▢
3 ½ tablespoons oyster sauce
▢
1 teaspoon Sesame oil
▢
4 cups water
▢
2 teaspoons cornstarch
▢
3 tablespoons cooking oil
▢
Salt and ground black pepper to taste","Combine pork liver and milk in a bowl. Marinate for 1 hour. Discard the milk and then rinse the pork liver with water. Set aside.
Boil water in a cooking pot. Add the pork and 1 teaspoon salt. Cover the pot and continue to boil until the pork tenderizes. Remove the pork and slice into thin pieces. Set the pork stock aside.
Clean the shrimp and remove the head and shells. Combine the shell and head of the shrimp with the pork stock. Boil for 2 minutes. Run it through a kitchen sieve to filter the solid parts. Let the stock cool down and combine with cornstarch. Stir. Set it aside.
Heat oil in a large casserole or skillet. Sauté the garlic and onion.
Once the onion softens, add the pork belly, kikiam, and Chinese sausage. Continue sautéing for 2 minutes. Add the pork liver. Cook for 1 ½ minutes.
Pour the oyster sauce. Stir.
Put the vegetables into the skillet starting with the cabbage. Add the long green beans, carrot, and bell pepper. Toss.
Add the shrimp, soy sauce, sesame oil, and stock (from pork and shrimp). Let it boil and then add the Knorr Shrimp Cube. Cook for 3 minutes.
Toss-in the pancit canton. Continue cooking until all the ingredients are well blended.
Season with salt and ground black pepper. Serve. Share and enjoy.",2024-10-14 04:03:13,2,4
Chicken Adobo Recipe (boneless thigh),"▢
2 lbs. chicken thigh boneless
▢
6 cloves garlic minced
▢
1 onion minced
▢
1 Knorr chicken cube
▢
4 tablespoons soy sauce
▢
1 teaspoon oyster sauce
▢
5 tablespoons vinegar
▢
2 teaspoons brown sugar
▢
1 cup water
▢
3 bay leaves
▢
3 tablespoons green onion sliced
▢
Salt and ground black pepper to taste","Prepare the chicken by removing the bones. Use a sharp knife and score the meat around the bone until you can easily pull out the bone. You can also remove the skin if preferred.
Crush 3 cloves of garlic and combine with soy sauce, vinegar, sugar, and ¼ teaspoon ground black pepper. Stir and add the chicken. Marinate for at least 1 hour.
Heat oil in a pan. Fry the marinated chicken for 2 minutes per side. Remove the chicken and set aside.
Sauté the onion and remaining garlic. Once the onion softens, add the chicken back into the pan. Sauté for 2 minutes.
Pour the remaining marinade, add oyster sauce, water, and bay leaves, cover and let boil.
Add Knorr Chicken Cube, cook for 30 minutes on low heat setting.
Season with salt and ground black pepper as needed.
Arrange on a serving plate and top with sliced green onions.
Serve. Share and enjoy!",2024-10-14 04:03:13,2,4
Easy Chicken Ala King,"▢
60 grams Knorr Cream of chicken and corn
▢
1 green bell pepper minced
▢
1 red bell pepper minced
▢
2 tablespoons unsalted butter
▢
2 tablespoons cooking oil
▢
2 ½ cups water","Prepare the chicken katsu. Flatten the chicken breast by slightly pounding with the flat part of the meat tenderizer tool. Season salt, ground black pepper, and garlic powder all over the chicken.
Heat oil in a pan.
While the oil is heating up, bread the chicken. Dredge it in all-purpose flour. Dip in the beaten egg mixture, dredge in flour again and then dip one more time in beaten egg. Now, roll it over the Panko breadcrumbs making sure that it gets completely coated.
Deep fry the chicken katsu until the color of the breading turns golden brown. Note: if the oil is not enough, you can turn the chicken over to fully cook the opposite side.
Remove the chicken from the pan and arrange in a serving plate. Set aside.
Make the easy chicken ala king sauce by melting the butter in a saucepan. Add the cooking oil.
Once the butter mixture gets hot, add the bell peppers. Saute for 1 ½ minutes.
Combine Knorr Cream of Chicken and Corn and water. Stir until well blended. Pour the mixture into the saucepan. Continue cooking while stirring until the sauce thickens to your desired consistency.
Pour the sauce over the chicken katsu. Serve with rice and Knorr Cream of mushroom soup on the side.
Share and enjoy!",2024-10-14 04:03:13,2,4
Nilagang Pata,"▢
4 lbs. pork hock
▢
1 Knorr Pork Cube
▢
3 potatoes quartered
▢
2 ears sweet corn
▢
½ head cabbage
▢
2 bunches baby bok choy
▢
½ lb. long green beans
▢
2 onions quartered
▢
2 teaspoons whole peppercorn
▢
8 cups water
▢
Fish sauce to taste","Clean the pork hocks thoroughly. Set aside.
Pour the water into a large cooking pot. Let it boil.
Add the pork hocks. Cover and cook for 10 minutes.
Skim-off the scums from the surface and then add Knorr Pork cube, onion and whole peppercorn. Cover, adjust the heat to the lowest setting. Simmer until the pork tenderizes completely. Note: this can take between 60 to 90 minutes.
Adjust the heat between low and medium setting. Add the corn and potatoes. Cook for 10 minutes.
Add the long green beans, bok choy, and cabbage. Continue boiling for 3 to 5 minutes.
Season with fish sauce. Transfer to a serving bowl. Serve hot with rice.
Share and enjoy!",2024-10-14 04:03:13,2,4
Crispy Fried Chicken,"▢
3 lbs. chicken cut into individual pieces
▢
1 tablespoon salt
▢
3 cups cooking oil
▢
1 cup all-purpose flour","Rub salt all over the chicken. Let it stay for 15 minutes.
Heat the oil in a cooking pot.
Prepare the batter. Start by pressing a fork on the chicken cube until it is completely squashed. Combine it with warm milk. Stir until well blended. Set aside.
Combine flour, baking powder, garlic powder, salt, and ground black pepper. Mix well using a fork or a wire whisk. Set aside.
Beat the eggs in a large mixing bowl. Add the milk mixture. Continue to beat until all the ingredients are all incorporated. Add half of flour mixture. Whisk. Add the remaining half and whisk until the texture of the batter becomes smooth.
Dredge the chicken in flour and then dip in batter. Roll it again in flour until completely covered. Fry in medium heat for 7 minutes per side.
Remove from the pot and put in a plate lined with paper towel. This will absorb the oil.
Serve with ketchup or gravy.
Share and enjoy!",2024-10-14 04:03:13,2,4
Beef Empanada Recipe,"▢
1 lb. ground beef 85% lean
▢
1/2 cup raisins
▢
1/2 cup green peas
▢
1 yellow onion minced
▢
1/2 cup beef broth
▢
1 teaspoon salt
▢
1/2 teaspoon paprika
▢
1/2 teaspoon ground black pepper
▢
1 teaspoon granulated white sugar
▢
2 tablespoons cooking oil","Make the filing by heating 2 tablespoons of cooking oil in a pan.
Saute the onion and then add the ground black pepper.
Put-in the beef and then cook for 5 minutes.
Add the raisins, paprika, sugar, and salt. Stir and then pour-in the beef broth.
Cover and then simmer for 10 to 15 minutes.
Remove the cover and let the liquid evaporate.
Add the green peas.Stir and then cook for 2 minutes.
Turn-off the heat. Set aside.
Prepare the dough by placing the salt, AP flour, baking powder, and sugar in a mixing bowl. Use a wire whisk to mix the ingredients.
Put the butter pieces in the mixing bowl along with the cold water. Mix using a pastry blender. If you don’t have one, use 2 kitchen knives instead. You should mix like you are cutting the dough in several pieces.
Grab about 3 tablespoons of the mixture and then shape it into a ball. do this until all the dough is consumed.
Refrigerate the dough balls for about 20 to 25 minutes.
Flatten the dough ball by gently pressing the center with your hand against a clean flour-dusted flat surface. Use a rolling pin to spread the dough and make a flat circle about 4 to 5 inches in diameter.
Arrange about 4 to 5 tablespoons of filling in the middle of the dough. Lock the edges by folding or by pressing the tip of a fork in both sides.
Meanwhile, heat about 2 to 3 cups of oil in a cooking pot. Deep fry the empanadas for about 3 to 5 minutes or until the color turns golden brown.
Remove from the cooking pot and then arrange in a plate lined with paper towels. Let the excess oil drip-off.
Transfer to a serving plate.
Serve. Share and enjoy!",2024-10-14 04:03:13,2,4
Laing Fried Rice,"▢
5 cups white rice preferably leftovers
▢
1 cup laing cooked
▢
6 cloves garlic crushed
▢
4 tablespoons cooking oil
▢
½ cup toasted anchovies tustadong dilis
▢
1/4 teaspoon salt
▢
3 chili peppers optional","Combine salt and rice in a bowl. Gently mix until well blended.
Heat the oil in a wide pan.
Add the garlic once the oil gets hot. Cook until light brown.
Put the laing in the pan. Stir and cook for 2 minutes.
Add the rice. Continue to cook for 5 to 8 minutes. Stir fry the rice until it blends well with the rest of the ingredients.
Add the toasted anchovies. Stir and cook for 1 minute.
Transfer to a serving plate. Top with red chili.
Serve. Share and enjoy!",2024-10-14 04:03:13,2,4
Chili Ginger Chicken,"▢
1 lb. boneless chicken breast sliced into serving pieces
▢
¾ cup all-purpose flour
▢
3 tablespoons cornstarch
▢
2 eggs beaten
▢
1 red bell pepper sliced
▢
1 Thai chili pepper chopped
▢
6 long green beans cut into 2-inch pieces
▢
2 tablespoons green onion chopped
▢
3 thumbs ginger minced
▢
2 cloves garlic minced
▢
1 cup cooking oil
▢
Salt and ground black pepper to taste","Sprinkle salt and pepper on the sliced chicken. Toss until the seasonings are well distributed.
Bread the chicken. Start by combining flour and cornstarch in a bowl. Mix well. Dredge the chicken in the flour mixture and then dip it in the beaten egg. Dredge it again into the flour mixture. Arrange on a clean plate.
Combine all the sauce ingredients in a bowl. Mix until the texture smoothens. Set aside.
Heat the oil in a wok. Fry the breaded chicken until it turns golden brown. Set aside.
Heat 3 tablespoons of cooking oil in a clean wok. Sauté ginger and garlic for 30 seconds.
Add green beans, chili pepper, and bell pepper. Sauté for 1 minute.
Put the breaded chicken into the wok. Toss.
Pour the sauce. Stir and continue to cook until it thickens.
Transfer the chicken in a serving plate. Serve with rice.
Share and enjoy!",2024-10-14 04:03:13,2,4
